ID;اسم الفرع / المنفذ;نوع المرفق;العنوان;رابط الاتجاهات;خط العرض (Latitude);خط الطول (Longitude)
AZ-UF-BR-0005;1 أسيوط;فرع أبو عوف;تقسيم الحقوقيين - شارع الجامعه الازهريه (شارع الازهر - اسيوط ثان);https://goo.gl/maps/1VZGgnKxZcJnu3oL8;27.197754200;31.179498600
AZ-UF-BR-0006;اب تاون-المقطم;فرع أبو عوف;البلازا الجديده امام سيلستا جاردنز;https://maps.app.goo.gl/r3KheWF8sx4ARhCe6;30.025310500;31.287849400
AZ-UF-BR-0007;أبوعوف - تسيباس العبور;فرع أبو عوف;العبور بجوار سيتى تسيباس نادى العبور;https://maps.app.goo.gl/KxQHZWLJv69q3GD28;30.233605700;31.457458300
AZ-UF-BR-0008;أجورا مول;فرع أبو عوف;مول أجورا-الدور الارضي- التجمع الخامس;https://goo.gl/maps/tDFSwg3iHs7r7Cie7;30.020496600;31.528987000
AZ-UF-BR-0009;أرابيلا مول;فرع أبو عوف;أرابيلا مول الجديد ، التجمع الثالث، بجوار صيدلية عز الدين القاهرة الجديدة.;https://goo.gl/maps/hzDm6h8BC2dC4UHS8;29.992837000;31.434628000
AZ-UF-BR-0010;أركان;فرع أبو عوف;الشيخ زايد مول اركان امام زايد 2000 الدور الارضى المكتب الرئيسى;https://goo.gl/maps/2YATGiFytrbVSHrh9;30.020796200;31.003402300
AZ-UF-BR-0011;اسوان;فرع أبو عوف;97 كورنيش النيل;https://maps.app.goo.gl/uwGTq7KUN8Xm5eDQA;24.091564200;32.895896900
AZ-UF-BR-0012;أسيوط 2;فرع أبو عوف;13- ابراج عثمان بن عفان - شارع الجمهوريه - امام بنك القاهره;https://goo.gl/maps/K4D4KwDHogRZrHyy6;27.185734600;31.185899000
AZ-UF-BR-0013;أفينيو مول - الرحاب;فرع أبو عوف;مول افينيو بجوار السجل المدني الدور الثاني , القاهرة الجديدة ، الرحاب ، القاهرة;https://goo.gl/maps/E5hpiSJcoJ41C9Yr9;30.058551800;31.509106200
AZ-UF-BR-0014;اكاديمية الجزيرة;فرع أبو عوف;اكاديمية الجزيرة شارع الصفا من شارع ٩ المقطم;https://maps.app.goo.gl/XsisNB53DkuqZmQ16;30.011383710;31.307130813
AZ-UF-BR-0015;الابراهيمية;فرع أبو عوف;58 طريق الجيش، الإبراهيمية بحري وسيدي جا، قسم باب شرقي.;https://goo.gl/maps/25fxomnGARSRPwEv9;31.217700900;29.926117800
AZ-UF-BR-0016;الاقبال;فرع أبو عوف;25 شارع الاقبال بجانب ماكدونالدز , لوران , الاسكندرية;https://goo.gl/maps/y8jjg1dUHqaV2eUf8;31.249965100;29.975219900
AZ-UF-BR-0017;الأقصر;فرع أبو عوف;2 شارع التلفزيون و المدينه المنوره بجوار فرع فودافون و محل منزلك;https://maps.app.goo.gl/aAZgAanipHrenu4X6;25.693788500;32.639980300
AZ-UF-BR-0018;البطل احمد عبدالعزيز;فرع أبو عوف;29 شارع البطل احمد عبد العزيز - المهندسين;https://maps.app.goo.gl/BTYHX7VeDp1p5s1X8;30.053360000;31.206392000
AZ-UF-BR-0019;البلاح;فرع أبو عوف;قرية البلاح بجانب مدخل القرية- الكيلو 65;https://maps.app.goo.gl/Wm7oQvFnALyanwRh8;30.874652900;29.358203900
AZ-UF-BR-0020;البيطاش;فرع أبو عوف;البيطاش - البيطاش غرب, الدخيلة, محافظة الاسكندرية امام كازيون;https://maps.app.goo.gl/87jMFDFD5wfb6oqv8;31.124885600;29.782594700
AZ-UF-BR-0021;الحسيني تو جو;فرع أبو عوف;الحسيني مول التجمع بجانب كمبوند النخيل الاول القاهرة الجديدة محافظه القاهرة;https://maps.app.goo.gl/QgtpeeRQtzSKS2tBA;30.063311800;31.445066400
AZ-UF-BR-0022;الداون تاون مول;فرع أبو عوف;شارع التسعين مول الداون تاون، التجمع الخامس;https://goo.gl/maps/ZtVDDa38EhpdKSn68;30.016761600;31.411886300
AZ-UF-BR-0023;الدقى;فرع أبو عوف;٦٢ شارع مصدق الدقي بجوار شاورما ابو رامز;https://goo.gl/maps/3MCNJZGrN1qkTG5V8;30.038735500;31.203158000
AZ-UF-BR-0024;الرحاب - السوق الشرقي;فرع أبو عوف;منطقة المطاعم ، الرحاب السوق الشرقي ، مدينة الرحاب ، محافظة القاهرة;https://goo.gl/maps/9NsrymCfMnZCbqPG8;30.071076200;31.514647000
AZ-UF-BR-0025;الزقازيق;فرع أبو عوف;شارع الدكتور طلبة عويضه (برج المصطفي) بجوار مستشفي صلاح سالم-القوميه-الشرقية;https://goo.gl/maps/kiaSdPGWC7nRAost6;30.592493400;31.486623300
AZ-UF-BR-0026;السويس-الشهداء;فرع أبو عوف;السويس شارع الشهداء امام اردوور برج الصفوه;https://goo.gl/maps/sDeBEN375ps4sjCM8;29.964583300;32.541138900
AZ-UF-BR-0027;السويس-المدينة الرياضية;فرع أبو عوف;برج مهاود شارع المدينة الرياضية, بجانب دوكلاند ,الملاحة الجديدة , محافظة السويس.;https://goo.gl/maps/26wu7ME7CE5gbJGK9;29.963422600;32.540988900
AZ-UF-BR-0028;الشلالات;فرع أبو عوف;116 طريق الحريه اول شارع السلطان حسين.عمارة البنك الاهلي المصري;https://goo.gl/maps/YzxNg5iZaNvj7LBC9;31.246195400;29.993617400
AZ-UF-BR-0029;العباسية تو جو;فرع أبو عوف;ميدان العباسية - بجوار ايتوال;https://maps.app.goo.gl/Bb6fByx6Crt8sMwK7;30.072641400;31.285017300
AZ-UF-BR-0030;العبور تاون ستارز مول;فرع أبو عوف;العبور تاون ستارز مول بجوار بنك مصر الحى السابع;https://maps.app.goo.gl/23dq9J4hfcworuBv9;30.188220900;31.469402500
AZ-UF-BR-0031;العبورO-Court;فرع أبو عوف;الحي التاسع مول أو كورت العبور بجوار ماركت الفتح;https://maps.app.goo.gl/4Bu7XAA6e2QzXqt36;30.216367400;31.455918300
AZ-UF-BR-0032;الفار بور فؤاد;منفذ بيع;ميدان اسوق حمام - بجوار كنتاكى - بور فؤاد;https://maps.app.goo.gl/ur3EFcTukfV8a2ew7;31.252918500;32.388477700
AZ-UF-BR-0033;الفار ماركت;منفذ بيع;شارع التسعين الجنوبي ، التجمع الخامس, امام كونكورد بلازا مول;https://goo.gl/maps/hBdajgjKRiKwizs68;30.026088700;31.483415600
AZ-UF-BR-0034;الفيوم;فرع أبو عوف;مول دله أو The Get شارع جمال عبدالناصر بجوار RGS Tower للملابس و بجوار مطعم مصر;https://maps.app.goo.gl/fze2afmHZ4EQJojR8;29.326223400;30.859310500
AZ-UF-BR-0035;القصر العيني;فرع أبو عوف;93 شارع القصر العيني محل رقم 13/9 بجانب روزا اليوسف;https://maps.app.goo.gl/QX7FJT9c3cxH7xTp6;30.035662000;31.233941500
AZ-UF-BR-0036;الكوربه;فرع أبو عوف;١٨ CIB شارع نزيه خليفة مصر الجديدة امام مستشفى الثورة بجوار بنك;https://goo.gl/maps/v9PCxE8ibNvozbct7;30.091088000;31.326420000
AZ-UF-BR-0037;ألماظة افينيو;فرع أبو عوف;مول ألماظة أفينيو الجديد بجوار مستشفى مصر الطيران - هليوبوليس;https://goo.gl/maps/xvBehnUFj96AgD8H6;30.092733600;31.347493200
AZ-UF-BR-0038;الماظه باي;فرع أبو عوف;منطقه مطاعم ترافكو - بجوار مطعم طبالي;https://maps.app.goo.gl/zyxVeKyaEytp9i9L8;31.197946300;27.550204300
AZ-UF-BR-0039;المحله;فرع أبو عوف;المحله الكبري ميدان المشحمه امام مسجد قادوس الكبير;https://maps.app.goo.gl/UkRW4XQoFb44iMY9A;30.978390600;31.175902600
AZ-UF-BR-0040;المريوطيه;فرع أبو عوف;103ش فيصل - محطة المريوطيه بجوار ڤودافون;https://maps.app.goo.gl/SwCt9LSGVprUrF3t9;29.994714600;31.149702000
AZ-UF-BR-0041;المطرية تو جو;فرع أبو عوف;18 شارع الحرية من ميدان المطرية بجوار كشري الخديوي;https://maps.app.goo.gl/P1ThbD8y3m9Vfax9A;30.120325000;31.302226000
AZ-UF-BR-0042;المعادى 50;فرع أبو عوف;شارع الخمسين زهراء المعادى بجوار كنتاكى و بنك QNB;https://goo.gl/maps/hfmjGV8SZVM2jED56;29.972508400;31.315069200
AZ-UF-BR-0043;المعادي بافاريا تاون;فرع أبو عوف;عماره 12 بافاريا تاون بجوار EG-Bank-امام البارون;https://maps.app.goo.gl/f1bTqVRgSAeGRNc98;29.980886500;31.340971000
AZ-UF-BR-0044;المعادي شارع اللاسلكي;فرع أبو عوف;شارع 216 . عزبة فهمي. من شارع اللاسلكي;https://goo.gl/maps/KQ9P67kNMutU4UEc8;29.971222200;31.279611100
AZ-UF-BR-0045;المعادي- شارع9;فرع أبو عوف;62 شارع 9 بجوار محطة ثكنات المعادى بجوار دنكن دونتس;https://goo.gl/maps/NpH1VCqTiSXcEAwA6;29.959015000;31.258895000
AZ-UF-BR-0046;المعسكر الروماني;فرع أبو عوف;رشدى- شارع المعسكر الرومانى بجوار حلوانى فلوكيجر;https://maps.app.goo.gl/VgZwGqoeomLNYWgy7;31.229583300;29.948777800
AZ-UF-BR-0047;المقطم;فرع أبو عوف;23 شارع 9 , المقطم.;https://goo.gl/maps/etMZwjQigyL2rXTW9;30.014225000;31.284822500
AZ-UF-BR-0048;المناره 1;منفذ بيع;المركز الدولى للمؤتمرات محور المشير طنطاوى- بجوار قاعه 1;https://goo.gl/maps/XzdhdTJMkSDMxhAQ9;30.014307000;31.384651200
AZ-UF-BR-0049;المناره 2;منفذ بيع;المركز الدولى للمؤتمرات محور المشير طنطاوى- بجوار قاعه 4;https://goo.gl/maps/XzdhdTJMkSDMxhAQ9;30.014307000;31.384651200
AZ-UF-BR-0050;المندرة;فرع أبو عوف;15 شارع وردة اليازجي مع جمال عبد الناصر المندرة بحري;https://maps.app.goo.gl/LTmgP2LDF8J438N2A;31.276486500;30.008046700
AZ-UF-BR-0051;المنصورة;فرع أبو عوف;شارع الجامعه المشايه السفليه امام نادى النيل;https://goo.gl/maps/a2TRUih5NeRd41Gv7;31.045971300;31.358019100
AZ-UF-BR-0052;المنصورة 2;فرع أبو عوف;شارع عبد السلام عارف - بجوار حى غرب المنصورة وحده رقم 1 الدور الارضى;https://goo.gl/maps/iu6M2ARkuuo4Auzv7;31.030300100;31.375679000
AZ-UF-BR-0053;المنيا;فرع أبو عوف;شارع البحر بداخل فندق جراند اتون.المنيا;https://goo.gl/maps/yMzbLrXGLmCGFgj47;28.113855900;30.750443200
AZ-UF-BR-0054;المنيل;فرع أبو عوف;٨١شارع المنيل الرئيسي.;https://goo.gl/maps/yhqCevNgGcXrNjQJ7;30.022750000;31.225750000
AZ-UF-BR-0055;النادي الأهلي - مدينة نصر;فرع أبو عوف;شارع حسن المأمون - امام البوابة الرئيسية - داخل النادي الاهلي مدينة نصر 3/4;https://maps.app.goo.gl/9kP5f4FMeXfubUCR8?g_st=aw;30.070601000;31.355386000
AZ-UF-BR-0056;النادي الاهلى الجزيرة;فرع أبو عوف;استاد التتش امام بوابة الصالات;https://maps.app.goo.gl/ahi3wAVxyLpubKaJA;30.043997100;31.222403500
AZ-UF-BR-0057;النبي دانيال;فرع أبو عوف;عقار 5،7 طريق الحرية مع 36 النبي دانيال امام برجر وهمي - العطارين - اسكندرية;https://maps.app.goo.gl/7BbudMZiWpZeT8hj6;31.196031600;29.901125000
AZ-UF-BR-0058;الهرم;فرع أبو عوف;اخر شارع الهرم بجوار مطعم جاد ومحل ضجه - مشعل;https://goo.gl/maps/dRYskbh4xfUYbSdR9;29.987699900;31.142988100
AZ-UF-BR-0059;أمريكانا بلازا;فرع أبو عوف;أمريكانا بلازا , مدينة الشيخ زايد , أكتوبر.;https://goo.gl/maps/GAsoAAmx9eB9Lvc77;30.027513800;31.013231700
AZ-UF-BR-0060;أمواج;فرع أبو عوف;قريه امواج مول ريفت - بجوار سبينس ماركت;https://maps.app.goo.gl/S3V53XESxjG4TfdG7;30.992166700;28.677472200
AZ-UF-BR-0061;أوبن اير 2 - مدينتي;فرع أبو عوف;اوبن اير مول -بجوار كريستال عصفور;https://goo.gl/maps/EsHa2vU3j3VQdHPH7;30.107704700;31.624416000
AZ-UF-BR-0062;أوبن اير 3 - مدينتي;فرع أبو عوف;اوبن اير مول-Kids Area-قطعة C;https://goo.gl/maps/hgwPzLJ9DWqhdsPp9;30.107040500;31.628074200
AZ-UF-BR-0063;اوتو سمير ريان;فرع أبو عوف;Auto Samir Rayan - Nasr City Branch، النصر، السريات الشرقية، ثان مدينة نصر، محافظة القاهرة‬ 4435013;https://maps.app.goo.gl/kK4NNtMnKiz25LpY6;30.056603300;31.289576000
AZ-UF-BR-0064;أوسكار جراند ستورز -المعادي;منفذ بيع;شارع الزهراء الرئيسي ف زهراء المعادي برج ريحانه بلازا بجوار فودافون;https://goo.gl/maps/yYnzajoRb87Z9GFKA;29.961139600;31.296972200
AZ-UF-BR-0065;أوسكار جراند ستورز- هليوبوليس;منفذ بيع;105 عمر بن الخطاب، الماظة، مصر الجديدة‬;https://goo.gl/maps/4KKGJUEM8DrTzxRH9;30.087329100;31.345786700
AZ-UF-BR-0066;أوسكار جراند ستورز-التجمع;منفذ بيع;القطعة 425 - ش التسعين قطاع 3 - التجمع الخامس, القاهرة الجديدة.;https://maps.app.goo.gl/WGGrVAAs7xQn2VzMA;30.027711100;31.488742000
AZ-UF-BR-0067;ايست هب مدينتى;فرع أبو عوف;مول ايست هب مدينتي امام الكرفت زون;https://maps.app.goo.gl/LmRxShwCr9NDhxUv9;30.073555600;31.673666700
AZ-UF-BR-0068;بارك مول;فرع أبو عوف;بارك مول التجمع الخامس امام هايبر لولو ماركت بجانب فندق بورتو كايرو أمام الجامعه الامريكيه;https://goo.gl/maps/zjRa5qDosrUr8KJf8;30.026713100;31.498010900
AZ-UF-BR-0069;بالم هيلز;فرع أبو عوف;شارع ٨٨، نادي بالم هيلز، ٦ أكتوبر بجوار اكاديمية برشلونه;https://goo.gl/maps/9iiMh8a8YKUmQ4bf6;30.013974500;31.026429200
AZ-UF-BR-0070;باندا المعادى;منفذ بيع;7 أ كورنيش النيل، برج دلة، قسم المعادي، القاهرة;https://maps.google.com/maps?q=29.961395631.2472813&z=17&hl=en;29.961395600;31.247281300
AZ-UF-BR-0071;بتروجيت;منفذ بيع;فرع بتروجيت بداخل الشركة مواعيد العمل من الأحد للخميس من الساعة ٨ صباحاً حتى الساعة ٣ مساءا;https://maps.app.goo.gl/DEcvdLuLSUQzod6x9;30.020224800;31.414392200
AZ-UF-BR-0072;بتروجيت;منفذ بيع;فرع بتروجيت بداخل الشركة مواعيد العمل من الأحد للخميس من الساعة ٨ صباحاً حتى الساعة ٣ مساءا;https://maps.app.goo.gl/RNM7WKXUCoMwfNEa7;30.020224800;31.414392200
AZ-UF-BR-0073;بست واى الجونة;منفذ بيع;المنجروفى - داخل ماركت بست واى;https://maps.app.goo.gl/Y5bobJA3WEY2qvYe8;27.397430900;33.744842900
AZ-UF-BR-0074;بنده ماركت;منفذ بيع;7 طريق النصر، المنطقة السادسة، مدينة نصر;https://goo.gl/maps/BRFsEG73CparcMdGA;30.068584400;31.342845900
AZ-UF-BR-0075;بنده ماركت-العبور;منفذ بيع;شارع سلمان الفارسى - الحى الاول, مدينة العبور;https://goo.gl/maps/gcV9u1g8oDiKvR536;30.232239600;31.460267600
AZ-UF-BR-0076;بنده مول-أكتوبر;منفذ بيع;المحورالمركزي - ميدان الحرية ,أكتوبر;https://goo.gl/maps/XtiaD4ART5WmPvpJ9;29.962353600;30.927456200
AZ-UF-BR-0077;بنده-هايبر ماركت;منفذ بيع;طريق الأسكندريه الزراعي، مدينة قها، مركز طوخ، القليوبية;https://goo.gl/maps/cbNXD2z5BHFissSE9;30.286426200;31.203071200
AZ-UF-BR-0078;بنها;فرع أبو عوف;امام نادى الرى و بجوار البنك الاهلى كورنيش النيل بداخل مول نايل فيو امام كارفور و بجوار L.C Wikiki;https://maps.app.goo.gl/pcd2YZ1Rb8Lpaz7E9;30.463932700;31.177256000
AZ-UF-BR-0079;بنها كورنيش النيل;فرع أبو عوف;شارع بنها كورنيش النيل بجوار صيدلية العزبي;https://maps.app.goo.gl/b4buU4RC7zMd3WLt9;30.474283100;31.177135000
AZ-UF-BR-0080;بورتو السخنه;فرع أبو عوف;زهران ماركت داخل بورتو السخنة;https://maps.google.com/maps?q=29.443893632.4818987&z=17&hl=en;29.443893600;32.481898700
AZ-UF-BR-0081;بورتو مارينا;فرع أبو عوف;مارينا 3 _بجوار مدخل بوابة مارينا 3;https://maps.app.goo.gl/ND693pLdoEye9u8u6;30.826040300;29.006197000
AZ-UF-BR-0082;بورسعيد مرحبا;فرع أبو عوف;شارع طرح البحر بجوار بوابه قريه مرحبا;https://maps.app.goo.gl/jSHHdzJtr7oQPkBa9;31.271011000;32.303401300
AZ-UF-BR-0083;بورفؤاد;فرع أبو عوف;شارع العروبه ملك فهمي سرحان عقار رقم 20 بورفؤاد - بورسعيد;https://maps.app.goo.gl/u6g5Veuz5Ek7j2t7A;31.253580100;32.315746300
AZ-UF-BR-0084;بيرل مول;منفذ بيع;بيرل مول تقاطع شارع التسعين على المحور الرئيسي;https://maps.app.goo.gl/WeWSBfsk8K3n1qxa6;30.002303800;31.503277200
AZ-UF-BR-0085;بيست واي- اكتوبر;منفذ بيع;إدن مول , الجزيرة , الشيخ زايد;https://maps.app.goo.gl/vtffmtGVbSfWpWyW8;30.025637600;30.990670200
AZ-UF-BR-0086;بيست واي- الاحياء;منفذ بيع;الأحياء -بجوار حى شمال;https://goo.gl/maps/3tbrimyBpENEyzEN8;27.299207200;33.740248900
AZ-UF-BR-0087;بيست واي- سوبر ماركت;منفذ بيع;شارع حي البنوك ، الكوثر ، مقابل بنك HSBC;https://goo.gl/maps/9PgQyeswj91dut588;27.200300200;33.823392200
AZ-UF-BR-0088;تسيباس - جنينة مول;منفذ بيع;9 شارع البطراوي، جنينة مول، مدينة نصر;https://maps.app.goo.gl/CnRxwhD31VjUz6wBA;30.060937500;31.332687500
AZ-UF-BR-0089;توين تاور-الشيخ زايد;فرع أبو عوف;الشيخ زايد- مبنى c;https://goo.gl/maps/XHwViRC7FvepX6YJ8;30.024307200;31.012150500
AZ-UF-BR-0090;جامعة القاهرة;منفذ بيع;كلية دار العلوم - بجوار المكتبة المركزية - جامعة القاهرة;https://maps.app.goo.gl/R1Ca6vkqARVP3pU18;30.025701500;31.203274600
AZ-UF-BR-0091;جامعة القاهرة 2;منفذ بيع;جامعة القاهرة 2 -عند مكتبة ثقه بين كلية تجارة و كلية حقوق و كلية علوم;https://maps.app.goo.gl/HvG3SAXgNVVm6kre8;30.026138900;31.203527800
AZ-UF-BR-0092;جامعة القاهرة 3;منفذ بيع;الباب الرئيسي بجوار القبة امام مبني الساعة-جامعة القاهرة;https://maps.app.goo.gl/gRmEB3dvES9tMVe98;30.027626300;31.208149000
AZ-UF-BR-0093;جامعة حلوان;منفذ بيعمغلق مؤقتًا;جامعة حلوان - بجوار السنتر التجاري - و مدرج 4;https://goo.gl/maps/BCQWNDqhB2KFAR1D8;29.866695600;31.317214000
AZ-UF-BR-0094;جامعة عين شمس;منفذ بيع;جامعة عين شمس - كلية التجارة;https://goo.gl/maps/LGGAzW8ZAf7pYVz49;30.074883400;31.289317900
AZ-UF-BR-0095;جامعة عين شمس 2;منفذ بيع;جامعة عين شمس - كلية الحقوق;https://maps.app.goo.gl/AV7oNVy3zv1ELvBz8;30.077227200;31.286429100
AZ-UF-BR-0096;جامعة عين شمس 3;منفذ بيع;جامعة عين شمس - كلية الأداب;https://maps.app.goo.gl/ubdBiMwJz1ofBZKc9;30.076700700;31.287256000
AZ-UF-BR-0097;جامعه القاهرة- أكتوبر;منفذ بيع;جامعه القاهره بجوار كلية طب اسنان - مدخل زايد 1 بجوار هايبر وان - اكتوبر;https://maps.app.goo.gl/4taZ6oTsHUEcJjui6;30.032202300;31.019582600
AZ-UF-BR-0098;جلوبال ميديكال سيتي;منفذ بيع;المنطقة السادسة . مدينة نصر .القاهرة;https://goo.gl/maps/C4ewx5x9xt84e68B8;30.053857800;31.313644400
AZ-UF-BR-0099;جناكليس;فرع أبو عوف;٦٣٧ طريق الحرية جناكليس بجوار صيدليه اسامة الطيبى;https://maps.app.goo.gl/rzHAopVWkNBeRU9h6;31.242444400;29.968777800
AZ-UF-BR-0100;جو باص الغردقة;فرع أبو عوف;شارع النصر - أمام ممشي النصر جو باص;https://maps.app.goo.gl/ZSDcwT72YjVUJWxm9;27.238510100;33.831188200
AZ-UF-BR-0101;جوباص;فرع أبو عوف;الحي السادس، بجوار شركة زانوسى , مدينة نصر، القاهرة;https://goo.gl/maps/xATXybKmy4P9xy58A;30.046434900;31.318579900
AZ-UF-BR-0102;جولف العبور;فرع أبو عوف;مدينه  العبور - مول  جولف سيتي بجوار ايجي بنك;https://maps.app.goo.gl/t1yCadJQ9sqfknyx7;30.177325000;31.474092000
AZ-UF-BR-0103;جولف العبور;فرع أبو عوف;مدينه  العبور مول  جولف سيتي بجوار ايجي بنك;https://maps.app.goo.gl/t1yCadJQ9sqfknyx7;30.177325000;31.474092000
AZ-UF-BR-0104;جي يارد;فرع أبو عوف;حدائق اكتوبر شارع زويل بجوار مول الحسن;https://maps.app.goo.gl/8MRbDgwhzyZJmV3S7;29.929009000;31.037845900
AZ-UF-BR-0105;جيت واي مول - الرحاب;فرع أبو عوف;مول جيت واى بجانب الفا ماركت بوابه 13 .الرحاب;https://goo.gl/maps/M2Skfw4pNEAqtD9G8;30.063804600;31.479217500
AZ-UF-BR-0106;حدائق الأهرام;فرع أبو عوف;حدائق الأهرام - البوابه الرابعه بوابه مينا شارع الجيش بجوار قويدر للحلويات;https://www.google.com/maps?q=29.96515925093412,31.092617511749268&z=17&hl=en;29.965159251;31.092617512
AZ-UF-BR-0107;حدائق الأهرام 2;فرع أبو عوف;حدائق الاهرام البوابه الأولى - 291أ شارع الثروة المعدنية;https://maps.app.goo.gl/LQFtiJ8UdzH3DzW69;29.981286000;31.108120000
AZ-UF-BR-0108;حدائق القبة;فرع أبو عوف;156 شارع مصر والسودان بجوار مطعم أسماك اليوم;https://maps.app.goo.gl/c8J8HnhMnahZZ6wE8;30.087120100;31.287929500
AZ-UF-BR-0109;حلوان;فرع أبو عوف;40 شارع راغب تقاطع شارع محمد سيد احمد امام كنتاكي و مطعم جاد;https://goo.gl/maps/iBv2jCzVxnwu9tgT7;29.847434000;31.331683000
AZ-UF-BR-0110;دجلة المعادي;فرع أبو عوف;22 شارع 233 - دجلة المعادي;https://maps.app.goo.gl/L9QG7ekWZpXwNSqg6;29.961486400;31.278558900
AZ-UF-BR-0111;دريمز ماركت - تلال;منفذ بيع;تلال دريمز ماركت بجانب قريه تلال السخنه;https://goo.gl/maps/iNEqbbfcTD3qXEjR7;31.009430100;28.606368500
AZ-UF-BR-0112;دريمز ماركت - لافيستا;منفذ بيع;لافيستا دريمز ماركت. بجانب قريه بورتو ساوث بيتش;https://goo.gl/maps/AkFmEJ4qzeFsiGNG8;27.245384200;33.825176200
AZ-UF-BR-0113;دمنهور;فرع أبو عوف;١ ش الرويني من عبد السلام الشاذلي أمام بنك الإسكان و التعمير;https://maps.app.goo.gl/bPi4VjbJ3sH9afjT8;31.033738800;30.451982000
AZ-UF-BR-0114;دمنهور 2 تو جو;فرع أبو عوف;٣ شارع عبد السلام الشاذلي بجوار مطعم كنتاكي - دمنهور - البحيره;https://maps.app.goo.gl/MQ4XK2xzRjyuYCbg7;31.044255200;30.467067500
AZ-UF-BR-0115;دمياط - شارع البحر;فرع أبو عوف;عمارة رقم 141 -كورنيش النيل-زقاق النعماني-قسم رابع بندر دمياط;https://goo.gl/maps/UFVqGZmNQzWqJHJH6;31.421756300;31.808087900
AZ-UF-BR-0116;دمياط 2;فرع أبو عوف;دمياط الجديده - المركزية - شارع الاستاد - بجوار مطعم سحارة ودويدار للأجهزة الكهربائية;https://goo.gl/maps/DELkPTNFTLSoMSrJ8;31.438987700;31.672699000
AZ-UF-BR-0117;راس البر;فرع أبو عوف;راس البر منطقه اللسان شارع 44 خلف فندق السلام بجوار ماركت بهنس;https://maps.app.goo.gl/s82zYaPKrDMsiDmJA;31.521737500;31.839921875
AZ-UF-BR-0118;رويال هاوس الشروق;فرع أبو عوف;طريق السادات بجوار مول Terrace , الشروق;https://goo.gl/maps/LSKuW4Tvc53u3C8p8;30.152607100;31.626815200
AZ-UF-BR-0119;رويال هاوس ماركت - الميريلاند;منفذ بيع;6 شارع روكسى امام حديقه الميريلاند خلف عمارات عثمان احمد عثمان-رويال هاوس ماركت;https://goo.gl/maps/uC2VYyj3SZkE62Su9;30.095666000;31.315201000
AZ-UF-BR-0120;زهران الفراعنة;منفذ بيع;ش الفراعنه متفرع من ش فؤاد امام عماره مصر للتأمين عمارة رقم 6 -ماركت زهران;https://maps.app.goo.gl/8Wfb6kdKF1SprRX39;31.199675100;29.908247200
AZ-UF-BR-0121;زهران بدر;فرع أبو عوف;قرية بدر -امام زهران ماركت– كيلو 82.5 طريق اسكندريه مطروح الساحلى الدولى;https://maps.app.goo.gl/mGA76gPkEMJbLq3t8;30.822338100;29.172412900
AZ-UF-BR-0122;ساوس جيت;فرع أبو عوف;شارع ال ٩٠ مول ساوس جيت بجوار بنك مصر الجهه الاماميه الموازيه لمول كونكورد بلازا;https://maps.app.goo.gl/fEpFjhn1sr9hrEg27;30.025558500;31.479568500
AZ-UF-BR-0123;سبينس - زهراء المعادي;منفذ بيع;مول 50 , زهراء المعادي - القاهرة;https://goo.gl/maps/LhAUQZqTZqSa2dpQA;29.967949700;31.314798100
AZ-UF-BR-0124;سبينيس سيتي سكيب مول - المنيا الجديدة;منفذ بيع;سبينيس سيتي سكيب مول - المنيا الجديدة - القطعة الثامنة, امتداد طريق الاوسط, المنيا الجديدة, المنيا;https://maps.app.goo.gl/WDKQWiTq9AdYwqX38;29.074496300;32.369625600
AZ-UF-BR-0125;سبينيس مكسيم مول;منفذ بيع;شارع التسعين الشمالي, ماكسيم مول, التجمع الخامس;https://maps.app.goo.gl/BUTj1tZqDmwayizEA;30.029484800;31.496590000
AZ-UF-BR-0126;سبينيس- بيرل دي روا;منفذ بيع;اخر شارع الجامعه الامريكيه بجانب بنك مصر - منفذ بيع اسبينس بيرل دي روا- التجمع الثالث;https://goo.gl/maps/PfknvHxXunu6vrrY8;30.003430100;31.503580200
AZ-UF-BR-0127;سبينيس- سينزو مول;منفذ بيع;طريق القري سينزو مول;https://goo.gl/maps/BsUu8XwrtfHZFAXPA;27.095537500;33.821906700
AZ-UF-BR-0128;سبينيس- معادي;منفذ بيع;شارع 250 , السرايات الغربيه - امام جراند مول المعادى .;https://goo.gl/maps/zzJK2bNZR2SFVS8A7;29.966293400;31.269935200
AZ-UF-BR-0129;سبينيس- مول أرينا;منفذ بيع;مجمع البنوك ، شارع التسعين , اول القاهرة الجديدة .;https://goo.gl/maps/wp2YqwJcDG2ev9H47;30.018422000;31.425482100
AZ-UF-BR-0130;سبينيس- مول العرب;منفذ بيع;ميدان جهينة - السادس من أكتوبر;https://goo.gl/maps/ruGv2iuQv1NCL3FP8;30.006419500;30.971755800
AZ-UF-BR-0131;سبينيس-الدهار;منفذ بيع;شارع النصر عمارة ريتاج بجانب سوبر ماركت سبينس ، سفن ستارز مول ، الدهار ، الغردقة;https://goo.gl/maps/AkFmEJ4qzeFsiGNG8;27.245384200;33.825176200
AZ-UF-BR-0132;سبينيس-السادات;منفذ بيع;سفن ستارز مول- المنطقة الخامسة المحور المركزي - امام منطقة البنوك;https://goo.gl/maps/mjwynBeeV8NHBcC56;30.372577500;30.500195300
AZ-UF-BR-0133;سبينيس-الشروق;منفذ بيع;سيتي بلازا مول-طريق الشهدا - بجوار الجامعة البريطانية وأكاديمية الشروق - الشروق;https://goo.gl/maps/VkVNNBsXX8HqpUBp6;30.114412400;31.606609200
AZ-UF-BR-0134;سبينيس-الهرم;منفذ بيع;46 شارع الهرم - داخل جالاكسي مول - بجوار كريستال مول;https://goo.gl/maps/dDbyDprEDBKArQjC9;29.989353000;31.147084700
AZ-UF-BR-0135;سبينيس-مول طنطا;منفذ بيع;مول طنطا بالمنطقة اللوجيستيه بسبرباي;https://goo.gl/maps/kNrQS2YJi4WaKr2bA;30.841323500;31.017794600
AZ-UF-BR-0136;ستريب واي 6 اكتوبر;فرع أبو عوف;6 اكتوبر المتميز ستريب واي بجانب بلبن;https://maps.app.goo.gl/qCazPZNThzjB6Chd7;29.990263600;30.968207000
AZ-UF-BR-0137;سعودي ماركت – بيفرلي هيلز;منفذ بيع;ستريب مول - بيفرلي هيلز، 6 أكتوبر;https://goo.gl/maps/EmhHbK41KLCvbA7E9;30.055352200;30.942671400
AZ-UF-BR-0138;سعودي ماركت – دريم لاند;منفذ بيع;طريق الواحات، قسم أول 6 أكتوبر،الجيزة;https://goo.gl/maps/XFQd5UpTgDY8VZsw9;29.958551400;31.059835400
AZ-UF-BR-0139;سعودي ماركت – زايد 2000;منفذ بيع;كومباوند زايد 2000، مدخل 9 الشيخ زايد,أكتوبر;https://goo.gl/maps/sBA3Dy4AKEqCakYY9;30.030312500;30.995312500
AZ-UF-BR-0140;سعودي ماركت – ووتر واي;منفذ بيع;22 أ - ذا ووتر واى كومبوند المستثمرين الشمالية, القاهرة الجديدة, داخل دبليو مول - الدور الارضى.;https://goo.gl/maps/PBMyhgdMvvtP4qYL7;30.041347000;31.476860000
AZ-UF-BR-0141;سعودي ماركت-سيتي ستارز;منفذ بيع;شارع عمر ابن الخطاب، سيتي ستارز مول ، مدينة نصر;https://goo.gl/maps/sui4wWBJmfvKeo12A;30.074017800;31.345573000
AZ-UF-BR-0142;سكاى بلازا الشروق;فرع أبو عوف;مدينة الشروق، بوابة 1 طريق مصر الإسماعيلية;https://goo.gl/maps/JEVCiy2TCjcXVQKg7;30.173961700;31.594138200
AZ-UF-BR-0143;سموحة;فرع أبو عوف;شارع ألبرت الاول - امام مستشفى بيت النعمه;https://goo.gl/maps/V4NQAxAZCvQgJ3ir6;31.213890800;29.939617700
AZ-UF-BR-0144;سوبر ماركت Géant;منفذ بيع;محطة شيل اوت الشويفات, بجانب فندق تريومف - التجمع الخامس , القاهرة الجديدة;https://goo.gl/maps/r6HM1SAJ2zmK56Ho7;30.006383800;31.400396300
AZ-UF-BR-0145;سوديك;فرع أبو عوف;اب ويست داون سوديك بافرلي هيلز;https://maps.app.goo.gl/g6WtRytf2zjwr1JF8;30.072910000;30.946447000
AZ-UF-BR-0146;سوريا;فرع أبو عوف;43 شارع سوريا متفرع من شارع جامعة الدول العربيه امام مترو ماركت;https://goo.gl/maps/yheupLtCAqGUW1Aa6;30.052886900;31.196056600
AZ-UF-BR-0147;سي شيل;فرع أبو عوف;قرية سى شيل امام منطقة ملاعب التنس;https://maps.app.goo.gl/XMzmXVfwh279QvAH7;30.992376300;28.693029400
AZ-UF-BR-0148;سي شيل بالا;فرع أبو عوف;داخل قريه سي شيل بالا امام مسجد القريه;https://maps.app.goo.gl/BLkKA2rVZbhvXRtaA;31.020313300;28.580539700
AZ-UF-BR-0149;سيتي ستارز 3;فرع أبو عوف;شارع عمر ابن الخطاب، سيتي ستارز مول , الدور الرابع، مدينة نصر;https://goo.gl/maps/g1iT1qSxeRaWcif26;30.073954500;31.344330700
AZ-UF-BR-0150;سيتي ستارز1;فرع أبو عوف;شارع عمر ابن الخطاب، سيتي ستارز مول , الدور الاول، مدينة نصر;https://goo.gl/maps/g1iT1qSxeRaWcif26;30.073954500;31.344330700
AZ-UF-BR-0151;سيتى سنتر أسكندريه;فرع أبو عوف;سيتى سنتر مول الداون تاون قطاع الطريق الصحراوي;https://goo.gl/maps/yf2NnCoKuCgBrooi6;31.166629500;29.933428400
AZ-UF-BR-0152;سيتي سنتر ألماظة;فرع أبو عوف;مطار الماظة، شيراتون المطار ، القاهرة;https://goo.gl/maps/xzShV5NhMo6VGCfd7;30.081589328;31.364747496
AZ-UF-BR-0153;سيتي سنتر معادى;فرع أبو عوف;الطريق الدائري - بساتين الشرقية - البساتين - القاهرة;https://goo.gl/maps/UhuQfiBRGZyJdbRa9;29.983347300;31.316338600
AZ-UF-BR-0154;شارع ٢٣ يوليو;فرع أبو عوف;شارع ٢٣ يوليو بجوار بيتزا بينو.;https://goo.gl/maps/Bzw13FVkdpxVdTYV6;31.266674000;32.314159400
AZ-UF-BR-0155;شارع البرازيل- الزمالك;فرع أبو عوف;5 شارع البرازيل، الزمالك امام اورانج;https://goo.gl/maps/dztma2e4jg4zdWby5;30.060600000;31.222500000
AZ-UF-BR-0156;شارع شريف;فرع أبو عوف;١٣ شارع شريف وسط البلد بجانب وزاره الأوقاف;https://maps.app.goo.gl/c4VM3P1fJi3FgYu27;30.046672800;31.242250000
AZ-UF-BR-0157;شبرا;فرع أبو عوف;70 شارع شبرا , بين مسرة و روض الفرج.;https://goo.gl/maps/LJ8N6abPWV491AQ99;30.075977100;31.245053800
AZ-UF-BR-0158;شبرا - الخلفاوي;فرع أبو عوف;ميدان الخلفاوي - شبرا - بجوار حواوشي الرفاعي;https://maps.app.goo.gl/j2JBQXNLxcQA9EZa9?g_st=iw;30.097300000;31.245200000
AZ-UF-BR-0159;شبرا 2;فرع أبو عوف;٤١ أ شارع شبرا;https://maps.app.goo.gl/9Had4yBkSaHBG9BD8;30.066153700;31.244955800
AZ-UF-BR-0160;شبرا الخيمه;فرع أبو عوف;الشارع الجديد بجوار بالبن بعد كوبرى مسطرد;https://maps.app.goo.gl/Uey7956bDL8Fy6o78;30.132894500;31.280511900
AZ-UF-BR-0161;شيراتون الغردقة;فرع أبو عوف;مفارق أبو عشره شارع شيراتون امام بنك CIB - شيراتون الغردقة;https://goo.gl/maps/HRHqRQp9cBFoYDCbA;27.214246600;33.840199400
AZ-UF-BR-0162;شيراتون هليوبوليس;فرع أبو عوف;24 شارع سيد زكريا شيراتون امام سلينترو;https://maps.app.goo.gl/NWTWrwyHT5gVJUUU9;30.102913000;31.373616000
AZ-UF-BR-0163;شيل أوت أكتوبر;فرع أبو عوف;بنزينه شيل أوت - الخمايل - محور 26 يوليو - 6 أكتوبر;https://goo.gl/maps/dsCaca8PBDGpRE2q7;30.036936600;31.036351500
AZ-UF-BR-0164;شيل أوت الرحاب;فرع أبو عوف;بنزينه شيل أوت - الرحاب - القاهره الجديده.;https://goo.gl/maps/RWfKL1BueiUhKYEg7;30.072844400;31.474026600
AZ-UF-BR-0165;"شيل اوت الرحاب 3 تاورز""تو جو""";فرع أبو عوف;بنزينه شيل اوت الرحاب امام بوابه ٢٠ الرحاب مبني العباسي جروب;https://maps.app.goo.gl/1paCvGNeRnPTcbAg7;30.076580100;31.503689000
AZ-UF-BR-0166;شيل أوت الشويفات;فرع أبو عوف;مدخل الشويفات - أول مدخل كومبوند الجولف القطاميه - بنزينه شيل أوت.;https://goo.gl/maps/upnXQ4b6jMZZ2RcX6;30.006029300;31.399883700
AZ-UF-BR-0167;صن مول (برايم مارت);منفذ بيع;ميدان الساعه - عبد السلام عارف، المنصورة (قسم 2)، اول المنصورة، محافظة الدقهلية;https://goo.gl/maps/Prf21vaAG8jLW3Be6, Mansoura, Egypt;31.029945100;31.375827600
AZ-UF-BR-0168;طنطا الاستاد;فرع أبو عوف;طنطا شارع الاستاد بجوار براند بلبن;https://maps.app.goo.gl/uDJco2L25xCkomTX9;30.814408500;30.993186900
AZ-UF-BR-0169;طنطا شارع البحر;فرع أبو عوف;شارع البحر-بجوار صيدناوي-قسم اول طنطا-الغربية;https://goo.gl/maps/HX1CihpHzzJsH7Xg9;30.791622100;30.998653700
AZ-UF-BR-0170;طه حسين;فرع أبو عوف;٢ طه حسين أمام اليمامة سنتر بجوار بنك الكويت الوطني.;https://maps.app.goo.gl/Ux8HGCLXh9oNTFrr6;30.065453000;31.220278000
AZ-UF-BR-0171;فتح الله ماركت - الرحاب;منفذ بيع;محور السادات، اول القاهرة الجديدة، محافظة القاهرة‬;https://goo.gl/maps/LZhZve8kxJrkaJHc7;30.054096300;31.491307200
AZ-UF-BR-0172;فرع المنصورة شارع الترعة;فرع أبو عوف;العنوان اول شارع الترعه من ناحيه القريه الاولمبيه بجوار عصير الكتب;https://maps.app.goo.gl/2VG9KGrhD95dWLuD9;31.033739100;30.451982500
AZ-UF-BR-0173;فرع الميرغنى;فرع أبو عوف;١٠٥ شارع السيد المرغني، مصر الجديدة بجوار تورتينا الحلوانى;https://goo.gl/maps/DBJRkhjaqMo7LzAd7;30.088442000;31.338105000
AZ-UF-BR-0174;فريسكو مارت;منفذ بيع;36 شارع النخيل من سليمان اباظه , المهندسيين;https://goo.gl/maps/sPoDB1UPfDRUDZgN6;30.049069300;31.203871100
AZ-UF-BR-0175;فريش فوود ماركت-اسكندرية;منفذ بيع;8-10 شارع الكازينو، سان ستفانو، قسم الرمل.;https://goo.gl/maps/bEtmL4sdzkkNyBrUA;31.246119600;29.966709700
AZ-UF-BR-0176;فريش فوود ماركت-بالم هيلز;منفذ بيع;طريق الشباب، الشيخ زايد، أكتوبر;https://goo.gl/maps/dhFkW3HjuzWuwzFs9;30.031078600;30.998461200
AZ-UF-BR-0177;فريش فوود ماركت-بوينت 90;منفذ بيع;امام الجامعه الامريكية بوابة 5- بوينت 90 مول;https://goo.gl/maps/7w54UNjQNtxoVqAL8;30.019743400;31.494750000
AZ-UF-BR-0178;فندق ريزيدنس;منفذ بيع;فندق ريزيدانس - التجمع الأول- داخل الفندق;https://maps.app.goo.gl/c6NshQgjNERzeHsk7;30.038726300;31.440118100
AZ-UF-BR-0179;فيصل;فرع أبو عوف;عمارة 282 - مطبعة فيصل - بجوار الرفاعي;https://goo.gl/maps/RxueBhjpYcPfNoLK8;30.001207400;31.167507200
AZ-UF-BR-0180;قصر النيل;فرع أبو عوف;56 قصر النيل امام بنك وفا و اسكندرية;https://goo.gl/maps/VwrGXTnJqUWqeNpE7;30.049299700;31.246330200
AZ-UF-BR-0181;كارفور -المعادي الجديدة;منفذ بيع;كارفور نيو معادي;https://maps.app.goo.gl/pn5MGmXFKGCN6LPb7;29.982693300;31.315829600
AZ-UF-BR-0182;كارفور -مول مصر;منفذ بيع;مول مصر، مدينة السادس من أكتوبر - الجيزة;https://goo.gl/maps/mGpt23XTbsidEKgp9;29.971921700;31.017741500
AZ-UF-BR-0183;كارفور -ميراج مول;منفذ بيع;كارفور ماركت - ميراج مول - التجمع الاول;https://goo.gl/maps/c3VxYAYnWKCENm9h7;30.079610700;31.454571900
AZ-UF-BR-0184;كارفور -ميفيدا;منفذ بيع;شارع التسعين , كمبوند ميفيدا-التجمع الخامس;https://goo.gl/maps/wqik8ufv9WKBNHW1A;30.017771500;31.534421200
AZ-UF-BR-0185;كارفور – سيتي سنتر الماظة;منفذ بيع;طريق السويس، شيراتون المطار، مدينة نصر‬.;https://goo.gl/maps/w1ZJy375FvhWq5xH9;30.081589328;31.364747496
AZ-UF-BR-0186;كارفور الملتقي;منفذ بيع;الشهيد طيار محمود شاكر عبد المنعم، عزبة سعد، سيدي جابر.;https://goo.gl/maps/9WVrhFpTMaebfYFw5;31.218955200;29.944362200
AZ-UF-BR-0187;كارفور- الرحاب;منفذ بيع;افينيو مول - مجموعة 130 الرحاب 2, مدينة الرحاب;https://goo.gl/maps/YgT9F7Kymfu4hfDP9;30.057944800;31.509505000
AZ-UF-BR-0188;كارفور- الزيتون;منفذ بيع;العزيز بالله، الزيتون الشرقية، الزيتون;https://goo.gl/maps/g4cbyDvgDC7GZoZv7;30.099537000;31.314613000
AZ-UF-BR-0189;"كارفور- جولف سيتي""العبور""";منفذ بيع;طريق مصر اسماعيلية الصحراوى - جولف سيتى, مدينة العبور;https://goo.gl/maps/PiPkUTXfmA1uGitM6;30.174114700;31.476195200
AZ-UF-BR-0190;كارفور- داندي مول;منفذ بيع;طريق القاهرة - الإسكندرية الصحراوي، الجيزة.;https://goo.gl/maps/7F8JNqxsavTShnns7;30.063194100;31.027472000
AZ-UF-BR-0191;كارفور- سرايا مول;منفذ بيع;إمتداد شارع ولي العهد، حدائق القبة;https://goo.gl/maps/kMsrucabsiAM358w7;30.087671200;31.283871000
AZ-UF-BR-0192;كارفور- طيبة مول;منفذ بيع;4 شارع انور المفتى من طريق النصر, مدينة نصر;https://goo.gl/maps/MFcKoio1uPU662iX6;30.067609700;31.330070500
AZ-UF-BR-0193;"كارفور-الجولف""طريق صلاح سالم";منفذ بيع;طريق صلاح سالم بجوار دار القوات الجوية - م.نصر -القاهرة;https://goo.gl/maps/tEqrwqnYuwrQCM5J7;30.082473400;31.321635900
AZ-UF-BR-0194;كارفور-الحمد مول;منفذ بيع;79 Axis, اول القاهرة الجديدة،بجانب سیتى فیستفیال مول;https://goo.gl/maps/h4PbnaCPcYB3CrP27;30.002890900;31.424355800
AZ-UF-BR-0195;كارفور-الزقازيق;منفذ بيع;طريق القنايات - الزقازيق، شيبة النكارية، الزقازيق، الشرقية.;https://goo.gl/maps/RNKpc5ptYuiw139c8;30.606066000;31.479767200
AZ-UF-BR-0196;كارفور-العجمي;منفذ بيع;طريق الإسكندرية - مرسى مطروح، العجمي البحري;https://goo.gl/maps/Pg2nJdszMTFoxTJk6;31.099960500;29.772368900
AZ-UF-BR-0197;كارفور-الغردقة 1;منفذ بيع;طريق النصر، الغردقة، البحر الأحمر;https://goo.gl/maps/vKjYQRhjgjjpvdYD9;27.169193700;33.821837600
AZ-UF-BR-0198;كارفور-الغردقة 2;منفذ بيع;طريق النصر، الغردقة، البحر الأحمر;https://goo.gl/maps/t7HaUrnBk1qd2n3N7;27.169193700;33.821837600
AZ-UF-BR-0199;كارفور-المحافظة;منفذ بيع;كارفور المحافظة, الجيزة;https://goo.gl/maps/EGKs5Yhgi2bpoVnBA;29.976646800;30.955503000
AZ-UF-BR-0200;كارفور-المنصورة 1;منفذ بيع;بنيان حي الجامعه بجوار بوابه توشكى -كارفور المنصورة;https://goo.gl/maps/zJrK57rfYu15pqrDA;31.031503800;31.393132500
AZ-UF-BR-0201;كارفور-المنصورة 2;منفذ بيع;خلف استاد المنصورة، الدقهلية;https://goo.gl/maps/cxstzsywo3bgPkuR8;31.030873800;31.392591800
AZ-UF-BR-0202;كارفور-الهرم;منفذ بيع;٢٢ شارع الهرم، الجيزة;https://goo.gl/maps/rwT2w3vs94WWr7kd8;29.987617400;31.141197700
AZ-UF-BR-0203;كارفور-بيفرلي هيلز;منفذ بيع;داخل ويست سكوير مول - سوديك ويست، بفرلى هيلز - الشيخ زايد;https://goo.gl/maps/hHauSx8Kda9rdpmV7;30.059497800;30.947252200
AZ-UF-BR-0204;كارفور-جرين بلازا;منفذ بيع;طريق 14 مايو، سموحة، سيدي جابر;https://goo.gl/maps/Yc4j8ghXPNgmbdDu9;31.205317800;29.966464000
AZ-UF-BR-0205;كارفور-حلوان;منفذ بيع;شارع مصطفى فهمي، حلوان، القاهرة‬;https://goo.gl/maps/dVhXCUZZfWGza32T9;29.850028400;31.325404000
AZ-UF-BR-0206;كارفور-رويال بلازا;منفذ بيع;العمراوي ، قسم المنتزه .;https://goo.gl/maps/X6KTdPBLC9vosphT7;31.282560300;30.022920000
AZ-UF-BR-0207;كارفور-زيزينيا;منفذ بيع;230 شارع الاهرام - العمرانية - الهرم، الجيزة;https://goo.gl/maps/X8PRceRYeGhNJzky5;29.998586700;31.171295800
AZ-UF-BR-0208;كارفور-سيتي لايت;منفذ بيع;أمين حسونة، السيوف قبلي ، قسم ثان المنتزة.;https://goo.gl/maps/pGRANUYnyPbBMs3U8;31.245658700;29.994489000
AZ-UF-BR-0209;كارفور-طرة الأسمنت;منفذ بيع;٥٥ كورنيش النيل، طرة الأسمنت، المعادي;https://goo.gl/maps/M8gRuY2H26spMKZX7;29.929141600;31.281648900
AZ-UF-BR-0210;كارفور-طنطا;منفذ بيع;طريق طنطا - المحلة الكبري، طنطا,الغربية;https://goo.gl/maps/E6wCFYZTcNe6w1oq8;30.804449600;31.022800600
AZ-UF-BR-0211;كارفور-كفر عبده;منفذ بيع;أبو النواطير - سيدي جابر، الأسكندرية;https://goo.gl/maps/HVYx19sMDzGTFVxS6;31.224792600;29.950207500
AZ-UF-BR-0212;كارفور-مول العروبة;منفذ بيع;طريق مطار برج العرب - الساحل الشمالى، الذراع البحري، قسم برج العرب;https://goo.gl/maps/LwJnfMgw73GQQqzR7;31.006516100;29.636956500
AZ-UF-BR-0213;كارفور-ميجا مول;منفذ بيع;كارفور میجا مول – التجمع الخامس;https://goo.gl/maps/Pyu7w1onEUXwidoz5;29.979098900;31.434088200
AZ-UF-BR-0214;كايرو فيستيفال سيتي 1;فرع أبو عوف;تقاطع الدائري مع شارع التسعين، امام النافوره بجوار اكاديمية الشرطة;https://goo.gl/maps/gMdKQZVhuY1tGbqb6;30.028863000;31.407785000
AZ-UF-BR-0215;كايرو فيستيفال سيتي 2;فرع أبو عوف;تقاطع الدائري مع شارع التسعين، امام النافوره بجوار اكاديمية الشرطة;https://goo.gl/maps/ea2n2gkGVzUvfgUZ8;30.028120000;31.407466000
AZ-UF-BR-0216;كروس تن مول;فرع أبو عوف;كروس تن مول بجوار هايبر وان;https://goo.gl/maps/YT6fPxgf2ja8j96B7;30.242119900;31.725490700
AZ-UF-BR-0217;كفر الشيخ;فرع أبو عوف;كفر الشيخ - شارع الجامعه امام كليه تربيه;https://maps.app.goo.gl/gLvHTFZax8DWi4Hz8;31.102659700;30.946278700
AZ-UF-BR-0218;كفر عبده;فرع أبو عوف;23 شارع سانت جيني ، كفر عبده ، أبو النواتير ، سيدي جابر;https://goo.gl/maps/2QzBsb5m5sifvyoa9;31.224716500;29.952751800
AZ-UF-BR-0219;كلية البنات;منفذ بيع;كلية البنات- الميرغنى- داخل الكلية;https://maps.app.goo.gl/oJc4GeXNtvpCGhuRA;30.083600000;31.328900000
AZ-UF-BR-0220;كلية تربية;منفذ بيع;كلية تربية أمام بنزينة شيل أوت روكسى داخل الكلية;https://maps.app.goo.gl/jeu5QFPEp1jUtSRF6;30.091770800;31.310457500
AZ-UF-BR-0221;كونكورد بلازا;فرع أبو عوف;شارع التسعين، التجمع الخامس كونكورد بلازا مول;https://goo.gl/maps/DZ5c5rx7bzUtnkDJ9;30.024897600;31.482588100
AZ-UF-BR-0222;لوران;فرع أبو عوف;212 عبدالسلام عارف بين ترام لوران وثروت;https://maps.app.goo.gl/aRWX3SKLgCwTVfL79;31.248751500;29.970367800
AZ-UF-BR-0223;لولو ماركت - هيليوبوليس;فرع أبو عوف;مول لولو ديستريكت-وادي دجلة بعد بنزينة وطنية;https://goo.gl/maps/GeCYYoKvbGXBM4sE7;30.091003000;31.380789700
AZ-UF-BR-0224;لولو ماركت-القاهرة الجديدة;فرع أبو عوف;التجمع الاول مول لولو ماركت بجوار اكاديميه الشركه الدور الاول;https://goo.gl/maps/3hyfFLWgvHtgtBWF9;30.053367900;31.430756900
AZ-UF-BR-0225;ليك فيو;فرع أبو عوف;شارع التسعين، خلف مستشفى القوات الجويه التجمع الخامس;https://goo.gl/maps/TjutLCT46KNRJBsW6;30.019505800;31.435990900
AZ-UF-BR-0226;ليك هاوس;فرع أبو عوف;ليك هاوس شارع التسعين بجوار فندق دوسيد داخل نادى ليك هاوس;https://goo.gl/maps/aCDviJhqmrHgzXqj7;30.024044000;31.454475400
AZ-UF-BR-0227;متحف الحضارة;فرع أبو عوف;متحف الحضارة - الفسطاط;https://maps.app.goo.gl/Kh6HwDatBpo4xtTa9;30.004722000;31.248324000
AZ-UF-BR-0228;مترو ماركت - لوران;منفذ بيع;25 الفريق إسماعيل سرهنك، سان ستفانو، قسم ثان الرمل، محافظة الإسكندرية;https://maps.app.goo.gl/zgj8NHraiHXop3mu5;30.185881900;31.729765600
AZ-UF-BR-0229;مترو ماركت -الشيخ زايد;منفذ بيع;الشيخ زايد - مدخل بالم هيلز;https://goo.gl/maps/nKaGpVpGVKXvocdy9;30.018313300;31.009812600
AZ-UF-BR-0230;مترو ماركت -شارع النادي الاهلي;منفذ بيع;84 حسن مأمون، المنطقة السادسة،شارع النادي الاهلي, مدينة نصر;https://goo.gl/maps/ibr5k1hsfwyyZXbq5;30.067806500;31.356530800
AZ-UF-BR-0231;مترو ماركت – الرحاب;منفذ بيع;مول الرحاب -الدور الارضي-شارع طلعت مصطفي;https://goo.gl/maps/7unXh2dT6mU8M31Q9;30.061666700;31.481666700
AZ-UF-BR-0232;مترو ماركت – الياسمين;منفذ بيع;مشروع لا سيتى - الحى الثامن، قسم أول 6 أكتوبر;https://goo.gl/maps/YW9ZezWGwHJ8C3Fh7;29.981714100;30.996692400
AZ-UF-BR-0233;مترو ماركت زيزينيا;منفذ بيع;طريق الحرية 601 - شارع ابو قير - بجوار شركة الاسكندرية لتوزيع الكهرباء - بجوار صيدلية العزبى;https://maps.app.goo.gl/bsEzCSkgirbLyNjE7;30.645213100;32.328362100
AZ-UF-BR-0234;مترو ماركت- جنينه مول;منفذ بيع;6 شارع البطراوي خلف جنينة مول، مدينة نصر;https://goo.gl/maps/ngYEA4fk8mYRYz1X7;30.060379300;31.330793600
AZ-UF-BR-0235;مترو ماركت-الدقي;فرع أبو عوف;5 شارع المساحة، متفرع من ميدان المساحة، قريب من المدرسة الالمانية الانجيلية الثانوية بالقاهرة الدقي ، الجيزة;https://goo.gl/maps/qPspMLZNPm1MwZSS9;30.031983100;31.213658700
AZ-UF-BR-0236;مترو ماركت-الكوربة;منفذ بيع;17 شارع الأهرام، أمام سينما نورماندى , الكوربة;https://goo.gl/maps/PfzRCZBsfqWScjW87;30.091313700;31.322188100
AZ-UF-BR-0237;مترو ماركت-الكوربة;منفذ بيع;17 شارع الأهرام، أمام سينما نورماندى , الكوربة;https://maps.app.goo.gl/Q7vhuuwMsdtVpo889;30.091313600;31.322188000
AZ-UF-BR-0238;مترو ماركت-المعادي;منفذ بيع;53 طريق مصر حلوان الزراعي، المعادي.;https://goo.gl/maps/S5GeHJFNGnqJkhw69;29.965196100;31.248746200
AZ-UF-BR-0239;مترو ماركت-المقطم;فرع أبو عوف;المقطم 16 ش 9 ميدان النافورة المقطم, القاهرة امام البنك الاهلى المصرى;https://goo.gl/maps/yDxBR4RZXMhLJw8X8;30.014816500;31.280953900
AZ-UF-BR-0240;مترو ماركت-الهرم;منفذ بيع;١١٢ أ شارع العريش، الهرم,الجيزة;https://goo.gl/maps/JmydEHQUoozuvBvA8;29.994696400;31.159971300
AZ-UF-BR-0241;مترو ماركت-بانوراما مول;منفذ بيع;بداخل بانوراما الشروق مول مدينة الشروق ، القاهرة الجديدة;https://goo.gl/maps/1E5CmFJsmkEng2QX8;30.136752700;31.613153500
AZ-UF-BR-0242;مترو ماركت-جامعة الدول;منفذ بيع;28 شارع جامعه الدول أمام كوستا كافيه -المهندسين;https://goo.gl/maps/S2WUPgvrk6t3o5gFA;30.056515300;31.205204900
AZ-UF-BR-0243;مترو ماركت-جامعة القاهرة;منفذ بيع;مترو ماركت، جامعة القاهرة، الجيزة;https://goo.gl/maps/HYsM6fHBCpQHD5Pz6;30.028294500;31.217047000
AZ-UF-BR-0244;مترو ماركت-روكسي;منفذ بيع;18شارع الخليفة المأمون، منشية البكري ‬;https://goo.gl/maps/ZwDZ33Zw1CN4V7p96;30.087008900;31.303376700
AZ-UF-BR-0245;مترو ماركت-روكسي;منفذ بيع;18شارع الخليفة المأمون، منشية البكري;https://maps.app.goo.gl/dNCbvm9bXqNdUqEN9;30.086995300;31.303377400
AZ-UF-BR-0246;مترو ماركت-سموحه;منفذ بيع;شارع ألبرت الاول - داخل مترو ماركت - امام مستشفى بيت النعمه.;https://goo.gl/maps/H88SynSgtL67ACm1A;31.214933600;29.939410500
AZ-UF-BR-0247;مترو ماركت-شيراتون الغردقة;منفذ بيع;ِِِش شيراتون، سقالة، الغردقة، البحر الأحمر;https://goo.gl/maps/iST2WzEKqgM6pe7k9;27.214839200;33.838961900
AZ-UF-BR-0248;محطة الرمل;منفذ بيع;شارع القائد ابراهيم - منطقة جراج الخالدين - المنطقه المركزيه - محطة الرمل;https://goo.gl/maps/PnJFra3aZMbaXh6S6;31.203070100;29.902761500
AZ-UF-BR-0249;محطة مترو عدلي منصور;منفذ بيع;محطه عدلي منصور المركزيه موقف العاشر داخل المحطة;https://goo.gl/maps/cCoGeE3rBNz1in5k6;30.147076000;31.421225000
AZ-UF-BR-0250;محطة مصر 1;منفذ بيع;محطة مصر ,ميدان رمسيس، الفجالة، الأزبكية، محافظة القاهرة‬;https://goo.gl/maps/xCpugxzkiTpMLg189;30.063229900;31.246936900
AZ-UF-BR-0251;محطة مصر 2;منفذ بيع;محطة مصر ,ميدان رمسيس، الفجالة، الأزبكية، محافظة القاهرة‬ أمام المحطة;https://goo.gl/maps/xCpugxzkiTpMLg189;30.063229900;31.246936900
AZ-UF-BR-0252;مدينتى;فرع أبو عوف;طريق مدينتي امام كارفور;https://goo.gl/maps/37Trn15YFRUAPmbL8;30.106601000;31.628497000
AZ-UF-BR-0253;مدينتي - كرافت زون;فرع أبو عوف;الكرافت زون , مدينتي - القاهرة الجديدة;https://goo.gl/maps/U9wUDiDNgE9tmY1J9;30.072809200;31.669313400
AZ-UF-BR-0254;مدينتي فود هول;فرع أبو عوف;مول اوبن اير-مبني F;https://maps.app.goo.gl/Pm5vHeCrZzbdhYqNA;30.106239300;31.626020400
AZ-UF-BR-0255;مراسي -M Porium;فرع أبو عوف;مول  M Porium - امام منطقة سيدي عبدالرحمن;https://maps.app.goo.gl/h1gzUUy2YxDJvZBy9;30.971519700;28.740525500
AZ-UF-BR-0256;مرشدي دجله فيو;فرع أبو عوف;الهضبه الوسطى شارع صلاح الدين بوابه B31 امام كارفور و فرع اديداس;https://maps.app.goo.gl/mYUn1PgKxC12mZjXA;29.985546200;31.322217900
AZ-UF-BR-0257;مرشدي وان قطاميه;فرع أبو عوف;وان قطامية - مجمع المرشدى - ميدان محمد زكى - مبنى 214;https://maps.app.goo.gl/akdvbWgJtGTUUg7S8;29.981042600;31.356396700
AZ-UF-BR-0258;مستشفي النزهة;فرع أبو عوف;9 شارع الرشيدي شيراتون - مستشفى النزهة الدولى;https://maps.app.goo.gl/2Qo5NGqZTwnkprTM7;30.100118600;31.372627300
AZ-UF-BR-0259;مستشفي رفيدة;منفذ بيع;داخل مستشفي رفيدة- 27محور كريزي واتر مدخل2;https://www.google.com/maps/place/Rofayda+Maternity/@30.0219799,31.0066168,193m/data=!3m1!1e3!4m10!1m2!2m1!1z2YXYs9iq2LTZgdmKINix2YjZgdmK2K_Ypw!3m6!1s0x14585a12436daa17:0xf9bd1d1974912bb3!8m2!3d30.0219799!4d31.0066168!15sChnZhdiz2KrYtNmB2Yog2LHZiNmB2YrYr9inkgESbWF0ZXJuaXR5X2hvc3BpdGFs4AEA!16sg11c1s3glcr?entry=ttu&g_ep=EgoyMDI0MDkwNC4wIKXMDSoASAFQAw;30.021979900;31.006616800
AZ-UF-BR-0260;مصطفي النحاس;فرع أبو عوف;16مصطفي النحاس، المنطقة السادسة، مدينة نصر بجوار بيتزا بريموس;https://maps.app.goo.gl/aqhY9D6EQBktMzM67;30.054143200;31.341649400
AZ-UF-BR-0261;مطار القاهرة T1;منفذ بيع;مطار 1 القديم;https://goo.gl/maps/q3bVw53xkvkSTyVY6;30.128277800;31.402527800
AZ-UF-BR-0262;مطار القاهرة T2;فرع أبو عوف;المطار الجديد صالة 2;https://goo.gl/maps/acYTr6K66V12g5gV7;30.111611100;31.402388900
AZ-UF-BR-0263;مطار القاهرة T2-G;منفذ بيع;مطار سفر٢ -امام الجراج المتعدد;https://maps.app.goo.gl/2yj2q8Lvr3SYtuPr7;30.114269300;31.402261700
AZ-UF-BR-0264;مطار القاهرة T3-F;منفذ بيع;المطار الجديد 3 - ممر F;https://goo.gl/maps/dwB7C6nbsmmdHup27;30.110381700;31.398698100
AZ-UF-BR-0265;مطار القاهرة T3-G;منفذ بيع;مطار 3 الجديد - ممر G;https://goo.gl/maps/LNAnfYghUxvz4DKa7;30.109861100;31.389972200
AZ-UF-BR-0266;مكرم عبيد;فرع أبو عوف;90 شارع مكرم عبيد، مدينة نصر بجوار كافيه بينوس;https://goo.gl/maps/eDkUf1DMsP2pevNm6;30.065665000;31.344187000
AZ-UF-BR-0267;مهندسين أسوان;فرع أبو عوف;11 شارع الجزائر ، ميدان أسوان;https://goo.gl/maps/YDHh4LmA7Ppbf9R46;30.056696400;31.207496200
AZ-UF-BR-0268;مول أسوان;فرع أبو عوف;شارع سعد زغلول بجوار محطه قطار أسوان في سكاي مول;https://maps.app.goo.gl/UDdtgsT1KGZhaHDS6;24.098882700;32.901565600
AZ-UF-BR-0269;مول الباتروس;فرع أبو عوف;مول الباتروس من جهة الباركينج - شارع طرح البحر;https://goo.gl/maps/bPgPyXyNkSFMu6q69;31.270055800;32.306831400
AZ-UF-BR-0270;مول العرب;فرع أبو عوف;ميدان جهينه - 6 أكتوبر – بوابه 2;https://goo.gl/maps/AF67GBxqRRR6Zt9q9;30.005269400;30.973254700
AZ-UF-BR-0271;مول العرب (الفود كورت);فرع أبو عوف;بداخل مول العرب في منطقة الفود كورت، ميدان جهينه، 6 أكتوبر، بوابه 2;https://goo.gl/maps/AF67GBxqRRR6Zt9q9;30.005269400;30.973254700
AZ-UF-BR-0272;مول جوباص-شرم الشيخ;فرع أبو عوف;حي النور بجوار مستشفي شرم الشيخ الدولي;https://goo.gl/maps/eSTJtpUXcZCCSRow6;27.883146800;34.301994800
AZ-UF-BR-0273;مول سيكستي ووك;فرع أبو عوف;العاصمه الاداريه الحي الحكومي بجوار وزارة المالية مول سيكستي;https://maps.app.goo.gl/apP5cMxSoHVr6bAo7;30.011760100;31.739543100
AZ-UF-BR-0274;مول شرم الشيخ;فرع أبو عوف;كيلوباترا مول شرم الشيخ;https://maps.app.goo.gl/MhCkHKXp8sW4z7db8;27.883243400;34.301880800
AZ-UF-BR-0275;مول طنطا;فرع أبو عوف;مول طنطا بالمنطقة اللوجيستيه بسبرباي الدور التانى;https://goo.gl/maps/scwAqBEU8bTGyRTL9;30.841323500;31.017794600
AZ-UF-BR-0276;مول مصر;فرع أبو عوف;مول مصر، بجوار مجمع المطاعم , مدينة السادس من أكتوبر;https://goo.gl/maps/xHzLPjVPxNDt5p7MA;29.972139300;31.017219700
AZ-UF-BR-0277;ميامي;فرع أبو عوف;برج نفرتيتى - تقاطع جمال عبد الناصر مع اسكندر ابراهيم - ميامي الحديقة الاولى برج نفرتيتى - تقاطع جمال عبد الناصر مع اسكندر ابراهيم - امام الاكاديميه العربيه و ماكدونالدز;https://goo.gl/maps/VSMy9i2YHJTbxPcH9;31.265110000;29.997222900
AZ-UF-BR-0278;ميدان التحرير;فرع أبو عوف;15 ميدان التحرير - بجوار KFC;https://maps.app.goo.gl/UHJU94AehnqqsLqx5;30.045583000;31.235549000
AZ-UF-BR-0279;ميدان سوهو-شرم الشيخ;فرع أبو عوف;سوهو مول داخل سوهو سكوار أمام فندق ساڤو;https://g.page/SOHO-Square-Sharm?share;27.962727900;34.393915000
AZ-UF-BR-0280;ميدان لبنان;فرع أبو عوف;53 شارع لبنان بجوار لابوار و H&M و أمام بنك الأستثمار العربى;https://maps.app.goo.gl/DbfrpmWC9XNvTkGv5;30.058500000;31.194055600
AZ-UF-BR-0281;ميفيدا;فرع أبو عوف;التجمع الخامس بعد الجامعه الامريكيه , صينيه النادي داخل كومبوند ميفيدا;https://goo.gl/maps/W5wAKE9HK9nkw5fY6;30.007466800;31.536321000
AZ-UF-BR-0282;نادي الرحاب;فرع أبو عوف;بوابة 8 - نادي الرحاب - بجوار الكيدز اريا;https://maps.app.goo.gl/hyuGKGy5emx1fwMR8;30.064847753;31.491691673
AZ-UF-BR-0283;نادي الزمالك - تو جو;فرع أبو عوف;نادي الزمالك بوابة 2 داخل النادي;https://maps.app.goo.gl/wZXfejNJtxo7Jwop7;30.060633200;31.204958200
AZ-UF-BR-0284;نادي الشمس;فرع أبو عوف;نادى الشمس بوابه ١;https://maps.app.goo.gl/eWXQp6yEvfP7DVFT7;30.119166700;31.349444400
AZ-UF-BR-0285;نادي الصيد;فرع أبو عوف;20 نادي الصيد بجوار بنك اسكندرية - وبعد حلوانى الدمياطى;https://maps.app.goo.gl/EFNydWS3JTYpA1Nz9;30.043111100;31.203055600
AZ-UF-BR-0286;نادي سموحة;فرع أبو عوف;17-19 فيكتور ايمانويل الثالث ، امام البوابة الرئيسية لنادي سموحه;https://maps.app.goo.gl/sRhqkreXxK7YXgGZA;31.216444400;29.946083300
AZ-UF-BR-0287;نادي وادي دجلة-اسيوط;فرع أبو عوف;نادي وادي دجلة الطريق الصحراوى الشرقي اول اسيوط الجديدة;https://maps.app.goo.gl/Tpvc2tVfLn1YaiPAA;27.264027300;31.271632500
AZ-UF-BR-0288;نادي وادي دجلة-طنطا;فرع أبو عوف;طنطا الجلاء بجوار مساكن السلام نادى وادى دجلة بداخل النادى;https://maps.app.goo.gl/oX1sZXnr5K36GuPn7;30.769086200;31.015510100
AZ-UF-BR-0289;نجمة هليوبوليس - شيراتون;منفذ بيع;ماركت جمال سلامه بجانب مرور النزهه - شيراتون;https://goo.gl/maps/sKcGtVEQjMbaUdHP8;30.098235500;31.381610100
AZ-UF-BR-0290;نجمة هليوبوليس - ميدان الجامع;منفذ بيع;5 شارع الرمله، البستان، قسم مصر الجديدة، محافظة القاهرة‬;https://goo.gl/maps/RPTeZwdiEZ9x8q1B8;30.095504200;31.328967900
AZ-UF-BR-0291;نجمه هليوبوليس;منفذ بيع;Star of Heliopolis (Gamal Salama) Mohamed Naguib Axis;https://maps.app.goo.gl/qfcBCgXbxRdEoeSYA;29.986305600;31.530138900
AZ-UF-BR-0292;نيو جيزة;فرع أبو عوف;نادى نيو جيزة الجديد - طريق مصر أسكندرية الصحراوى - خلف حازم حسن - 6 أكتوبر;https://goo.gl/maps/KJ8rPUD1TNhqxemY9;30.005223500;31.065806300
AZ-UF-BR-0293;هاسيندا باي;فرع أبو عوف;هاسيندا باي بجانب مترو ماركت - بجوار مكتب كهرباء هاسيندا باي;https://maps.app.goo.gl/sHARR6J9rFxCTnrG9;30.937768900;28.787571000
AZ-UF-BR-0294;هايبر وان -أكتوبر(1);فرع أبو عوف;مدخل زايد 1 بجوار موقف السيارات الكبير، هايبر وان، السادس من أكتوبر، الجيزة;https://goo.gl/maps/2fNbYcyLNCeYT5L86;30.030221200;31.021222700
AZ-UF-BR-0295;هايبر وان -أكتوبر(2);فرع أبو عوف;مدخل زايد 1، بجانب موقف السيارات الصغير, هايبر وان، السادس من أكتوبر، الجيزة;https://goo.gl/maps/DyarWYbospHCv4B46;30.030221200;31.021222700
AZ-UF-BR-0296;هايبر وان -أكتوبر(3);منفذ بيع;مدخل زايد ، داخل هايبر وان، السادس من أكتوبر، الجيزة;https://goo.gl/maps/Liu5We4PBj5Y5w6R8;30.030221200;31.021222700
AZ-UF-BR-0297;هايبرالعاشر من رمضان;فرع أبو عوف;طريق مصر-الإسماعيليه الصحراوي كيلو 52 , مدينة العاشر من رمضان , الشرقية;https://goo.gl/maps/Eu3oGaZ3JrgpSLfe9;30.242408000;31.725916000
AZ-UF-BR-0298;هايبروان-السلمانية 1;فرع أبو عوف;هايبر 1 السلمانية، طريق الصحراوي;https://goo.gl/maps/3tKtxmL3dhP3HNda9;30.162757600;30.820398400
AZ-UF-BR-0299;هايبروان-السلمانية 2;فرع أبو عوف;هايبر 1 السلمانية، طريق الصحراوي;https://goo.gl/maps/XQ9qLD5gD6hWBF4W9;30.162757600;30.820398400
AZ-UF-BR-0300;هضبة الأهرام;فرع أبو عوف;عماره ٤١٣ ن شارع الجيش البوابه الرابعة حدائق الأهرام بجوار فرع فودافون;https://maps.app.goo.gl/s37kof3FLGMDKD6RA;29.965484600;31.095750300
AZ-UF-BR-0301;وادى دجلة;فرع أبو عوف;طريق القبارى السريع غيط العنب شرق نادي وادي دجلة;https://www.google.com/maps?q=31.175042,29.9124385&z=17&hl=ar;31.175042000;29.912438500
AZ-UF-BR-0302;وادى دجلة - التجمع;فرع أبو عوف;كومبوند النخيل - التجمع الاول - نادى وادى دجلة - منطقة التنس;https://www.abuauf.com/branches;30.054240000;31.450420000
AZ-UF-BR-0303;وادى دجلة اكتوبر;فرع أبو عوف;وادي دجلة اكتوبر ع طريق الواحات بجوار مول مصر - وعلي دخلة جهينة;https://maps.app.goo.gl/7dR3vQjQcwDu4VwF7;29.975610500;31.007615100
AZ-UF-BR-0304;وادي دجلة اكتوبر 2;فرع أبو عوف;6اكتوبر الحي الاول- نادي وادي دجله 2 - بجوار محطه اتوبيس مصر;https://maps.app.goo.gl/6fe2UH9E1ghRr2Ea8;29.965258700;30.964861900
AZ-UF-BR-0305;وادي دجلة المعادي;فرع أبو عوف;الشطر الرابع زهراء المعادي قريب من المسجد الكويتي داخل النادي بوابة 4;https://maps.app.goo.gl/osbhsb4jPVThDyZR7;29.957666700;31.312916700
AZ-UF-BR-0306;وادي دجلة المنيا;فرع أبو عوف;المنيا الجديدة نادي وادي دجلة;https://maps.app.goo.gl/r9WmDMV8HsC9x5Ai7;28.103977000;30.807828300
AZ-UF-BR-0307;وادي دجلة دمياط;فرع أبو عوف;دمياط الجديده _ المجاوره 27 نادي وادي دجله - امام كيدز اريا و ‎La Doreeحلواني‎;https://maps.app.goo.gl/ocAL15orSeRm83Xz6;31.441881700;31.666545900
AZ-UF-BR-0308;واك أوف كايرو-الشيخ زايد;فرع أبو عوف;الكيلو 38 مصر إسكندرية الصحرواي بجوار بوابة سوديك - مول Walk Of Cairo;https://goo.gl/maps/wkb3PA73h7Rw7z6Q7;30.077308000;30.951686900
AZ-UF-BR-0309;وطنية - الرحاب;فرع أبو عوف;أمام بوابة 1 الرحاب - محور تحرير القاهرة;https://goo.gl/maps/sA5ikk1JVTHkai2b9;30.044425800;31.495927700
AZ-UF-BR-0310;وطنية - المعادي;فرع أبو عوف;طريق صقر قريش امام بنك مصر متفرع من شارع النصر بجوار المعونة الأمريكية و ماكدونالدز;https://maps.app.goo.gl/XfSSSiQYn3UjNxXL6;29.975716900;31.290247000
AZ-UF-BR-0311;وكالة المنصورة-شارع الترعة;منفذ بيع;شارع الترعة بجوار ميدان الشيماء ,المنصورة;https://goo.gl/maps/Nedv2CKj3T5tPVUU7;31.035569300;31.366712400
AZ-UF-BR-0312;وكالة المنصورة-شارع الترعة;فرع أبو عوف;شارع الترعة بجوار ميدان الشيماء ,المنصورة;https://goo.gl/maps/3aV4GEvCDDG3vHdN7;31.035569000;31.366712200
AZ-UF-BR-0313;وكالة المنصورة-شارع قناة السويس;منفذ بيع;شارع قناة السويس , برج الميريلاند ,المنصورة;https://goo.gl/maps/juiqmqmrA9ran2Lt7;31.051974000;31.401315600
AZ-UF-BR-0314;District 5 مول;فرع أبو عوف;مول district 5 طريق العين السخنة-المنطقة الصناعية;https://maps.app.goo.gl/RAsQs8hgjBAGEewk8;29.972916700;31.455472200
